{"cameraMode":{"drawMode":0,"name":"Shaded","section":"Shading Mode"},"sceneLighting":false,"audioPlay":false,"sceneViewState":{"m_AlwaysRefresh":false,"showFog":true,"showSkybox":false,"showFlares":true,"showImageEffects":true,"showParticleSystems":true,"showVisualEffectGraphs":true,"m_FxEnabled":true},"in2DMode":false,"pivot":{"x":101.22327423095703,"y":75.68912506103516,"z":-19.050006866455079},"rotation":{"x":-0.14477072656154633,"y":-0.08390168100595474,"z":0.01232046727091074,"w":-0.9858284592628479},"size":16.051063537597658,"orthographic":false}